{"ROC_AUC": "./results\\ICMtype_ICM_genre-topK_500-shrink_10 - results.json", "PRECISION": "./results\\ICMtype_ICM_genre-topK_500-shrink_10 - results.json", "PRECISION_RECALL_MIN_DEN": "./results\\ICMtype_ICM_genre-topK_500-shrink_10 - results.json", "RECALL": "./results\\ICMtype_ICM_genre-topK_500-shrink_10 - results.json", "MAP": "./results\\ICMtype_ICM_genre-topK_500-shrink_10 - results.json", "MRR": "./results\\ICMtype_ICM_genre-topK_500-shrink_10 - results.json", "NDCG": "./results\\ICMtype_ICM_genre-topK_500-shrink_10 - results.json", "F1": "./results\\ICMtype_ICM_genre-topK_500-shrink_10 - results.json", "HIT_RATE": "./results\\ICMtype_ICM_genre-topK_500-shrink_10 - results.json", "ARHR": "./results\\ICMtype_ICM_genre-topK_500-shrink_10 - results.json", "RMSE": "./results\\ICMtype_ICM_genre-topK_100-shrink_200 - results.json", "NOVELTY": "./results\\ICMtype_ICM_genre-topK_100-shrink_10 - results.json", "DIVERSITY_MEAN_INTER_LIST": "./results\\ICMtype_ICM_genre-topK_100-shrink_10 - results.json", "DIVERSITY_HERFINDAHL": "./results\\ICMtype_ICM_genre-topK_100-shrink_10 - results.json", "COVERAGE_ITEM": "./results\\ICMtype_ICM_genre-topK_100-shrink_10 - results.json", "COVERAGE_USER": "./results\\ICMtype_ICM_genre-topK_100-shrink_10 - results.json", "DIVERSITY_GINI": "./results\\ICMtype_ICM_genre-topK_100-shrink_10 - results.json", "SHANNON_ENTROPY": "./results\\ICMtype_ICM_genre-topK_100-shrink_10 - results.json"}